Points ,Time s,7270: Instrument 0 :S/N 10105200: Osc Frequency Hz,7270: Instrument 0 :S/N 10105200: Osc Amplitude V, ,7270: Instrument 0 :S/N 10105200: X (volts/amps) V,7270: Instrument 0 :S/N 10105200: Y (volts/amps) V, , , , , , 
0,0.000000,2.940000e+004,1.000000e-001,,-1.489000e-003,-9.790000e-003,,,,,,,
1,0.500000,2.940030e+004,1.000000e-001,,-1.491000e-003,-9.786000e-003,,,,,,,
2,1.000000,2.940060e+004,1.000000e-001,,-1.488000e-003,-9.787000e-003,,,,,,,
3,1.500000,2.940090e+004,1.000000e-001,,-1.489000e-003,-9.791000e-003,,,,,,,
4,2.000000,2.940120e+004,1.000000e-001,,-1.488000e-003,-9.789000e-003,,,,,,,
5,2.500000,2.940150e+004,1.000000e-001,,-1.489000e-003,-9.790000e-003,,,,,,,
6,3.000000,2.940180e+004,1.000000e-001,,-1.489000e-003,-9.793000e-003,,,,,,,
7,3.500000,2.940210e+004,1.000000e-001,,-1.493000e-003,-9.791000e-003,,,,,,,
8,4.000000,2.940240e+004,1.000000e-001,,-1.488000e-003,-9.793000e-003,,,,,,,
9,4.500000,2.940270e+004,1.000000e-001,,-1.488000e-003,-9.793000e-003,,,,,,,
10,5.000000,2.940300e+004,1.000000e-001,,-1.489000e-003,-9.795000e-003,,,,,,,
11,5.500000,2.940330e+004,1.000000e-001,,-1.488000e-003,-9.794000e-003,,,,,,,
12,6.000000,2.940360e+004,1.000000e-001,,-1.487000e-003,-9.794000e-003,,,,,,,
13,6.500000,2.940390e+004,1.000000e-001,,-1.489000e-003,-9.797000e-003,,,,,,,
14,6.999000,2.940420e+004,1.000000e-001,,-1.485000e-003,-9.794000e-003,,,,,,,
15,7.500000,2.940450e+004,1.000000e-001,,-1.487000e-003,-9.800000e-003,,,,,,,
16,8.000000,2.940480e+004,1.000000e-001,,-1.488000e-003,-9.797000e-003,,,,,,,
17,8.500000,2.940510e+004,1.000000e-001,,-1.491000e-003,-9.796000e-003,,,,,,,
18,9.000000,2.940540e+004,1.000000e-001,,-1.493000e-003,-9.794000e-003,,,,,,,
19,9.500000,2.940570e+004,1.000000e-001,,-1.490000e-003,-9.802000e-003,,,,,,,
20,10.000000,2.940600e+004,1.000000e-001,,-1.490000e-003,-9.800000e-003,,,,,,,
21,10.500000,2.940630e+004,1.000000e-001,,-1.494000e-003,-9.802000e-003,,,,,,,
22,11.000000,2.940660e+004,1.000000e-001,,-1.491000e-003,-9.803000e-003,,,,,,,
23,11.500000,2.940690e+004,1.000000e-001,,-1.492000e-003,-9.799000e-003,,,,,,,
24,12.000000,2.940720e+004,1.000000e-001,,-1.492000e-003,-9.802000e-003,,,,,,,
25,12.500000,2.940750e+004,1.000000e-001,,-1.493000e-003,-9.804000e-003,,,,,,,
26,13.000000,2.940780e+004,1.000000e-001,,-1.491000e-003,-9.804000e-003,,,,,,,
27,13.500000,2.940810e+004,1.000000e-001,,-1.489000e-003,-9.805000e-003,,,,,,,
28,13.999000,2.940840e+004,1.000000e-001,,-1.491000e-003,-9.804000e-003,,,,,,,
29,14.500000,2.940870e+004,1.000000e-001,,-1.487000e-003,-9.806000e-003,,,,,,,
30,15.000000,2.940900e+004,1.000000e-001,,-1.490000e-003,-9.805000e-003,,,,,,,
31,15.500000,2.940930e+004,1.000000e-001,,-1.489000e-003,-9.807000e-003,,,,,,,
32,16.000000,2.940960e+004,1.000000e-001,,-1.492000e-003,-9.805000e-003,,,,,,,
33,16.500000,2.940990e+004,1.000000e-001,,-1.490000e-003,-9.806000e-003,,,,,,,
34,17.000000,2.941020e+004,1.000000e-001,,-1.488000e-003,-9.809000e-003,,,,,,,
35,17.500000,2.941050e+004,1.000000e-001,,-1.491000e-003,-9.811000e-003,,,,,,,
36,18.000000,2.941080e+004,1.000000e-001,,-1.491000e-003,-9.807000e-003,,,,,,,
37,18.500000,2.941110e+004,1.000000e-001,,-1.490000e-003,-9.807000e-003,,,,,,,
38,19.000000,2.941140e+004,1.000000e-001,,-1.490000e-003,-9.811000e-003,,,,,,,
39,19.500000,2.941170e+004,1.000000e-001,,-1.487000e-003,-9.811000e-003,,,,,,,
40,20.000000,2.941200e+004,1.000000e-001,,-1.489000e-003,-9.814000e-003,,,,,,,
41,20.501000,2.941230e+004,1.000000e-001,,-1.488000e-003,-9.811000e-003,,,,,,,
42,21.000000,2.941260e+004,1.000000e-001,,-1.490000e-003,-9.814000e-003,,,,,,,
43,21.500000,2.941290e+004,1.000000e-001,,-1.491000e-003,-9.815000e-003,,,,,,,
44,22.000000,2.941320e+004,1.000000e-001,,-1.491000e-003,-9.813000e-003,,,,,,,
45,22.500000,2.941350e+004,1.000000e-001,,-1.489000e-003,-9.815000e-003,,,,,,,
46,23.000000,2.941380e+004,1.000000e-001,,-1.486000e-003,-9.818000e-003,,,,,,,
47,23.500000,2.941410e+004,1.000000e-001,,-1.489000e-003,-9.815000e-003,,,,,,,
48,24.000000,2.941440e+004,1.000000e-001,,-1.486000e-003,-9.816000e-003,,,,,,,
49,24.500000,2.941470e+004,1.000000e-001,,-1.487000e-003,-9.813000e-003,,,,,,,
50,25.000000,2.941500e+004,1.000000e-001,,-1.493000e-003,-9.819000e-003,,,,,,,
51,25.500000,2.941530e+004,1.000000e-001,,-1.491000e-003,-9.819000e-003,,,,,,,
52,26.000000,2.941560e+004,1.000000e-001,,-1.494000e-003,-9.818000e-003,,,,,,,
53,26.500000,2.941590e+004,1.000000e-001,,-1.491000e-003,-9.815000e-003,,,,,,,
54,27.000000,2.941620e+004,1.000000e-001,,-1.490000e-003,-9.821000e-003,,,,,,,
55,27.500000,2.941650e+004,1.000000e-001,,-1.490000e-003,-9.818000e-003,,,,,,,
56,28.000000,2.941680e+004,1.000000e-001,,-1.490000e-003,-9.822000e-003,,,,,,,
57,28.500000,2.941710e+004,1.000000e-001,,-1.490000e-003,-9.820000e-003,,,,,,,
58,29.001000,2.941740e+004,1.000000e-001,,-1.490000e-003,-9.823000e-003,,,,,,,
59,29.500000,2.941770e+004,1.000000e-001,,-1.489000e-003,-9.823000e-003,,,,,,,
60,30.000000,2.941800e+004,1.000000e-001,,-1.495000e-003,-9.825000e-003,,,,,,,
61,30.500000,2.941830e+004,1.000000e-001,,-1.488000e-003,-9.825000e-003,,,,,,,
62,31.000000,2.941860e+004,1.000000e-001,,-1.490000e-003,-9.826000e-003,,,,,,,
63,31.500000,2.941890e+004,1.000000e-001,,-1.490000e-003,-9.825000e-003,,,,,,,
64,32.000000,2.941920e+004,1.000000e-001,,-1.493000e-003,-9.829000e-003,,,,,,,
65,32.500000,2.941950e+004,1.000000e-001,,-1.489000e-003,-9.827000e-003,,,,,,,
66,33.000000,2.941980e+004,1.000000e-001,,-1.487000e-003,-9.826000e-003,,,,,,,
67,33.500000,2.942010e+004,1.000000e-001,,-1.488000e-003,-9.830000e-003,,,,,,,
68,34.000000,2.942040e+004,1.000000e-001,,-1.490000e-003,-9.829000e-003,,,,,,,
69,34.501000,2.942070e+004,1.000000e-001,,-1.491000e-003,-9.830000e-003,,,,,,,
70,34.999000,2.942100e+004,1.000000e-001,,-1.487000e-003,-9.828000e-003,,,,,,,
71,35.500000,2.942130e+004,1.000000e-001,,-1.489000e-003,-9.831000e-003,,,,,,,
72,36.000000,2.942160e+004,1.000000e-001,,-1.492000e-003,-9.829000e-003,,,,,,,
73,36.500000,2.942190e+004,1.000000e-001,,-1.490000e-003,-9.833000e-003,,,,,,,
74,37.000000,2.942220e+004,1.000000e-001,,-1.490000e-003,-9.832000e-003,,,,,,,
75,37.500000,2.942250e+004,1.000000e-001,,-1.488000e-003,-9.833000e-003,,,,,,,
76,38.000000,2.942280e+004,1.000000e-001,,-1.490000e-003,-9.834000e-003,,,,,,,
77,38.500000,2.942310e+004,1.000000e-001,,-1.488000e-003,-9.834000e-003,,,,,,,
78,39.000000,2.942340e+004,1.000000e-001,,-1.489000e-003,-9.836000e-003,,,,,,,
79,39.500000,2.942370e+004,1.000000e-001,,-1.488000e-003,-9.835000e-003,,,,,,,
80,40.000000,2.942400e+004,1.000000e-001,,-1.487000e-003,-9.836000e-003,,,,,,,
81,40.500000,2.942430e+004,1.000000e-001,,-1.486000e-003,-9.838000e-003,,,,,,,
82,41.000000,2.942460e+004,1.000000e-001,,-1.488000e-003,-9.838000e-003,,,,,,,
83,41.500000,2.942490e+004,1.000000e-001,,-1.487000e-003,-9.840000e-003,,,,,,,
84,42.000000,2.942520e+004,1.000000e-001,,-1.492000e-003,-9.843000e-003,,,,,,,
85,42.500000,2.942550e+004,1.000000e-001,,-1.491000e-003,-9.840000e-003,,,,,,,
86,43.000000,2.942580e+004,1.000000e-001,,-1.491000e-003,-9.841000e-003,,,,,,,
87,43.500000,2.942610e+004,1.000000e-001,,-1.491000e-003,-9.843000e-003,,,,,,,
88,44.000000,2.942640e+004,1.000000e-001,,-1.490000e-003,-9.845000e-003,,,,,,,
89,44.500000,2.942670e+004,1.000000e-001,,-1.492000e-003,-9.846000e-003,,,,,,,
90,45.000000,2.942700e+004,1.000000e-001,,-1.490000e-003,-9.844000e-003,,,,,,,
91,45.500000,2.942730e+004,1.000000e-001,,-1.492000e-003,-9.847000e-003,,,,,,,
92,46.001000,2.942760e+004,1.000000e-001,,-1.494000e-003,-9.847000e-003,,,,,,,
93,46.500000,2.942790e+004,1.000000e-001,,-1.488000e-003,-9.848000e-003,,,,,,,
94,47.000000,2.942820e+004,1.000000e-001,,-1.487000e-003,-9.846000e-003,,,,,,,
95,47.500000,2.942850e+004,1.000000e-001,,-1.490000e-003,-9.846000e-003,,,,,,,
96,48.000000,2.942880e+004,1.000000e-001,,-1.490000e-003,-9.850000e-003,,,,,,,
97,48.500000,2.942910e+004,1.000000e-001,,-1.487000e-003,-9.851000e-003,,,,,,,
98,49.000000,2.942940e+004,1.000000e-001,,-1.490000e-003,-9.855000e-003,,,,,,,
99,49.500000,2.942970e+004,1.000000e-001,,-1.490000e-003,-9.851000e-003,,,,,,,
100,50.001000,2.943000e+004,1.000000e-001,,-1.490000e-003,-9.851000e-003,,,,,,,
101,50.500000,2.943030e+004,1.000000e-001,,-1.487000e-003,-9.854000e-003,,,,,,,
102,51.000000,2.943060e+004,1.000000e-001,,-1.488000e-003,-9.850000e-003,,,,,,,
103,51.500000,2.943090e+004,1.000000e-001,,-1.487000e-003,-9.855000e-003,,,,,,,
104,52.000000,2.943120e+004,1.000000e-001,,-1.491000e-003,-9.859000e-003,,,,,,,
105,52.500000,2.943150e+004,1.000000e-001,,-1.490000e-003,-9.855000e-003,,,,,,,
106,53.000000,2.943180e+004,1.000000e-001,,-1.492000e-003,-9.856000e-003,,,,,,,
107,53.500000,2.943210e+004,1.000000e-001,,-1.489000e-003,-9.858000e-003,,,,,,,
108,54.000000,2.943240e+004,1.000000e-001,,-1.490000e-003,-9.861000e-003,,,,,,,
109,54.500000,2.943270e+004,1.000000e-001,,-1.490000e-003,-9.859000e-003,,,,,,,
110,55.000000,2.943300e+004,1.000000e-001,,-1.486000e-003,-9.860000e-003,,,,,,,
111,55.500000,2.943330e+004,1.000000e-001,,-1.488000e-003,-9.862000e-003,,,,,,,
112,56.000000,2.943360e+004,1.000000e-001,,-1.487000e-003,-9.861000e-003,,,,,,,
113,56.500000,2.943390e+004,1.000000e-001,,-1.485000e-003,-9.862000e-003,,,,,,,
114,57.000000,2.943420e+004,1.000000e-001,,-1.487000e-003,-9.865000e-003,,,,,,,
115,57.500000,2.943450e+004,1.000000e-001,,-1.486000e-003,-9.866000e-003,,,,,,,
116,58.000000,2.943480e+004,1.000000e-001,,-1.487000e-003,-9.867000e-003,,,,,,,
117,58.500000,2.943510e+004,1.000000e-001,,-1.487000e-003,-9.866000e-003,,,,,,,
118,59.001000,2.943540e+004,1.000000e-001,,-1.493000e-003,-9.869000e-003,,,,,,,
119,59.500000,2.943570e+004,1.000000e-001,,-1.491000e-003,-9.870000e-003,,,,,,,
120,60.000000,2.943600e+004,1.000000e-001,,-1.492000e-003,-9.868000e-003,,,,,,,
121,60.500000,2.943630e+004,1.000000e-001,,-1.492000e-003,-9.870000e-003,,,,,,,
122,61.000000,2.943660e+004,1.000000e-001,,-1.492000e-003,-9.873000e-003,,,,,,,
123,61.500000,2.943690e+004,1.000000e-001,,-1.490000e-003,-9.873000e-003,,,,,,,
124,62.000000,2.943720e+004,1.000000e-001,,-1.489000e-003,-9.871000e-003,,,,,,,
125,62.500000,2.943750e+004,1.000000e-001,,-1.492000e-003,-9.876000e-003,,,,,,,
126,63.000000,2.943780e+004,1.000000e-001,,-1.488000e-003,-9.877000e-003,,,,,,,
127,63.500000,2.943810e+004,1.000000e-001,,-1.488000e-003,-9.878000e-003,,,,,,,
128,64.000000,2.943840e+004,1.000000e-001,,-1.489000e-003,-9.879000e-003,,,,,,,
129,64.500000,2.943870e+004,1.000000e-001,,-1.488000e-003,-9.880000e-003,,,,,,,
130,65.000000,2.943900e+004,1.000000e-001,,-1.490000e-003,-9.881000e-003,,,,,,,
131,65.500000,2.943930e+004,1.000000e-001,,-1.488000e-003,-9.882000e-003,,,,,,,
132,66.000000,2.943960e+004,1.000000e-001,,-1.487000e-003,-9.883000e-003,,,,,,,
133,66.501000,2.943990e+004,1.000000e-001,,-1.490000e-003,-9.884000e-003,,,,,,,
134,67.000000,2.944020e+004,1.000000e-001,,-1.489000e-003,-9.888000e-003,,,,,,,
135,67.500000,2.944050e+004,1.000000e-001,,-1.486000e-003,-9.888000e-003,,,,,,,
136,68.000000,2.944080e+004,1.000000e-001,,-1.491000e-003,-9.887000e-003,,,,,,,
137,68.500000,2.944110e+004,1.000000e-001,,-1.488000e-003,-9.891000e-003,,,,,,,
138,69.000000,2.944140e+004,1.000000e-001,,-1.487000e-003,-9.890000e-003,,,,,,,
139,69.500000,2.944170e+004,1.000000e-001,,-1.486000e-003,-9.893000e-003,,,,,,,
140,70.000000,2.944200e+004,1.000000e-001,,-1.488000e-003,-9.897000e-003,,,,,,,
141,70.500000,2.944230e+004,1.000000e-001,,-1.486000e-003,-9.893000e-003,,,,,,,
142,71.000000,2.944260e+004,1.000000e-001,,-1.489000e-003,-9.896000e-003,,,,,,,
143,71.500000,2.944290e+004,1.000000e-001,,-1.487000e-003,-9.899000e-003,,,,,,,
144,72.000000,2.944320e+004,1.000000e-001,,-1.486000e-003,-9.897000e-003,,,,,,,
145,72.500000,2.944350e+004,1.000000e-001,,-1.490000e-003,-9.902000e-003,,,,,,,
146,73.000000,2.944380e+004,1.000000e-001,,-1.485000e-003,-9.899000e-003,,,,,,,
147,73.500000,2.944410e+004,1.000000e-001,,-1.485000e-003,-9.905000e-003,,,,,,,
148,74.000000,2.944440e+004,1.000000e-001,,-1.486000e-003,-9.904000e-003,,,,,,,
149,74.500000,2.944470e+004,1.000000e-001,,-1.484000e-003,-9.906000e-003,,,,,,,
150,75.000000,2.944500e+004,1.000000e-001,,-1.486000e-003,-9.905000e-003,,,,,,,
151,75.500000,2.944530e+004,1.000000e-001,,-1.490000e-003,-9.903000e-003,,,,,,,
152,76.000000,2.944560e+004,1.000000e-001,,-1.489000e-003,-9.909000e-003,,,,,,,
153,76.500000,2.944590e+004,1.000000e-001,,-1.487000e-003,-9.909000e-003,,,,,,,
154,77.000000,2.944620e+004,1.000000e-001,,-1.488000e-003,-9.913000e-003,,,,,,,
155,77.500000,2.944650e+004,1.000000e-001,,-1.488000e-003,-9.911000e-003,,,,,,,
156,78.000000,2.944680e+004,1.000000e-001,,-1.488000e-003,-9.916000e-003,,,,,,,
157,78.500000,2.944710e+004,1.000000e-001,,-1.490000e-003,-9.917000e-003,,,,,,,
158,79.000000,2.944740e+004,1.000000e-001,,-1.487000e-003,-9.916000e-003,,,,,,,
159,79.500000,2.944770e+004,1.000000e-001,,-1.488000e-003,-9.918000e-003,,,,,,,
160,80.000000,2.944800e+004,1.000000e-001,,-1.485000e-003,-9.918000e-003,,,,,,,
161,80.500000,2.944830e+004,1.000000e-001,,-1.486000e-003,-9.924000e-003,,,,,,,
162,81.000000,2.944860e+004,1.000000e-001,,-1.486000e-003,-9.921000e-003,,,,,,,
163,81.500000,2.944890e+004,1.000000e-001,,-1.485000e-003,-9.927000e-003,,,,,,,
164,82.000000,2.944920e+004,1.000000e-001,,-1.484000e-003,-9.927000e-003,,,,,,,
165,82.500000,2.944950e+004,1.000000e-001,,-1.485000e-003,-9.931000e-003,,,,,,,
166,83.000000,2.944980e+004,1.000000e-001,,-1.484000e-003,-9.932000e-003,,,,,,,
167,83.500000,2.945010e+004,1.000000e-001,,-1.481000e-003,-9.933000e-003,,,,,,,
168,84.000000,2.945040e+004,1.000000e-001,,-1.486000e-003,-9.935000e-003,,,,,,,
169,84.500000,2.945070e+004,1.000000e-001,,-1.482000e-003,-9.936000e-003,,,,,,,
170,85.000000,2.945100e+004,1.000000e-001,,-1.482000e-003,-9.938000e-003,,,,,,,
171,85.500000,2.945130e+004,1.000000e-001,,-1.479000e-003,-9.936000e-003,,,,,,,
172,86.001000,2.945160e+004,1.000000e-001,,-1.478000e-003,-9.940000e-003,,,,,,,
173,86.500000,2.945190e+004,1.000000e-001,,-1.484000e-003,-9.944000e-003,,,,,,,
174,87.000000,2.945220e+004,1.000000e-001,,-1.482000e-003,-9.942000e-003,,,,,,,
175,87.501000,2.945250e+004,1.000000e-001,,-1.481000e-003,-9.949000e-003,,,,,,,
176,88.000000,2.945280e+004,1.000000e-001,,-1.483000e-003,-9.950000e-003,,,,,,,
177,88.500000,2.945310e+004,1.000000e-001,,-1.479000e-003,-9.954000e-003,,,,,,,
178,89.000000,2.945340e+004,1.000000e-001,,-1.476000e-003,-9.953000e-003,,,,,,,
179,89.500000,2.945370e+004,1.000000e-001,,-1.479000e-003,-9.954000e-003,,,,,,,
180,90.000000,2.945400e+004,1.000000e-001,,-1.476000e-003,-9.959000e-003,,,,,,,
181,90.500000,2.945430e+004,1.000000e-001,,-1.480000e-003,-9.961000e-003,,,,,,,
182,91.000000,2.945460e+004,1.000000e-001,,-1.477000e-003,-9.961000e-003,,,,,,,
183,91.500000,2.945490e+004,1.000000e-001,,-1.478000e-003,-9.964000e-003,,,,,,,
184,92.000000,2.945520e+004,1.000000e-001,,-1.481000e-003,-9.964000e-003,,,,,,,
185,92.500000,2.945550e+004,1.000000e-001,,-1.484000e-003,-9.965000e-003,,,,,,,
186,93.000000,2.945580e+004,1.000000e-001,,-1.483000e-003,-9.972000e-003,,,,,,,
187,93.500000,2.945610e+004,1.000000e-001,,-1.479000e-003,-9.971000e-003,,,,,,,
188,94.000000,2.945640e+004,1.000000e-001,,-1.477000e-003,-9.974000e-003,,,,,,,
189,94.500000,2.945670e+004,1.000000e-001,,-1.481000e-003,-9.977000e-003,,,,,,,
190,95.000000,2.945700e+004,1.000000e-001,,-1.479000e-003,-9.979000e-003,,,,,,,
191,95.500000,2.945730e+004,1.000000e-001,,-1.481000e-003,-9.981000e-003,,,,,,,
192,96.000000,2.945760e+004,1.000000e-001,,-1.478000e-003,-9.986000e-003,,,,,,,
193,96.500000,2.945790e+004,1.000000e-001,,-1.475000e-003,-9.987000e-003,,,,,,,
194,97.000000,2.945820e+004,1.000000e-001,,-1.476000e-003,-9.990000e-003,,,,,,,
195,97.500000,2.945850e+004,1.000000e-001,,-1.475000e-003,-9.990000e-003,,,,,,,
196,98.000000,2.945880e+004,1.000000e-001,,-1.474000e-003,-9.997000e-003,,,,,,,
197,98.500000,2.945910e+004,1.000000e-001,,-1.473000e-003,-9.998000e-003,,,,,,,
198,99.000000,2.945940e+004,1.000000e-001,,-1.475000e-003,-9.999000e-003,,,,,,,
199,99.500000,2.945970e+004,1.000000e-001,,-1.475000e-003,-1.000500e-002,,,,,,,
200,100.000000,2.946000e+004,1.000000e-001,,-1.471000e-003,-1.000600e-002,,,,,,,
201,100.500000,2.946030e+004,1.000000e-001,,-1.469000e-003,-1.001200e-002,,,,,,,
202,101.000000,2.946060e+004,1.000000e-001,,-1.469000e-003,-1.001300e-002,,,,,,,
203,101.500000,2.946090e+004,1.000000e-001,,-1.469000e-003,-1.001600e-002,,,,,,,
204,102.000000,2.946120e+004,1.000000e-001,,-1.466000e-003,-1.001900e-002,,,,,,,
205,102.500000,2.946150e+004,1.000000e-001,,-1.469000e-003,-1.002300e-002,,,,,,,
206,103.000000,2.946180e+004,1.000000e-001,,-1.464000e-003,-1.002300e-002,,,,,,,
207,103.500000,2.946210e+004,1.000000e-001,,-1.465000e-003,-1.002700e-002,,,,,,,
208,104.000000,2.946240e+004,1.000000e-001,,-1.464000e-003,-1.003100e-002,,,,,,,
209,104.500000,2.946270e+004,1.000000e-001,,-1.462000e-003,-1.003600e-002,,,,,,,
210,105.000000,2.946300e+004,1.000000e-001,,-1.463000e-003,-1.004000e-002,,,,,,,
211,105.500000,2.946330e+004,1.000000e-001,,-1.462000e-003,-1.004300e-002,,,,,,,
212,106.000000,2.946360e+004,1.000000e-001,,-1.457000e-003,-1.004800e-002,,,,,,,
213,106.500000,2.946390e+004,1.000000e-001,,-1.459000e-003,-1.005000e-002,,,,,,,
214,107.000000,2.946420e+004,1.000000e-001,,-1.455000e-003,-1.005500e-002,,,,,,,
215,107.501000,2.946450e+004,1.000000e-001,,-1.457000e-003,-1.005900e-002,,,,,,,
216,108.000000,2.946480e+004,1.000000e-001,,-1.453000e-003,-1.006200e-002,,,,,,,
217,108.501000,2.946510e+004,1.000000e-001,,-1.457000e-003,-1.006600e-002,,,,,,,
218,109.000000,2.946540e+004,1.000000e-001,,-1.455000e-003,-1.007200e-002,,,,,,,
219,109.500000,2.946570e+004,1.000000e-001,,-1.454000e-003,-1.007300e-002,,,,,,,
220,110.000000,2.946600e+004,1.000000e-001,,-1.453000e-003,-1.007800e-002,,,,,,,
221,110.500000,2.946630e+004,1.000000e-001,,-1.453000e-003,-1.008100e-002,,,,,,,
222,111.000000,2.946660e+004,1.000000e-001,,-1.452000e-003,-1.008500e-002,,,,,,,
223,111.500000,2.946690e+004,1.000000e-001,,-1.447000e-003,-1.009200e-002,,,,,,,
224,112.000000,2.946720e+004,1.000000e-001,,-1.443000e-003,-1.009600e-002,,,,,,,
225,112.500000,2.946750e+004,1.000000e-001,,-1.443000e-003,-1.010200e-002,,,,,,,
226,113.000000,2.946780e+004,1.000000e-001,,-1.441000e-003,-1.010600e-002,,,,,,,
227,113.500000,2.946810e+004,1.000000e-001,,-1.442000e-003,-1.011000e-002,,,,,,,
228,114.000000,2.946840e+004,1.000000e-001,,-1.438000e-003,-1.011700e-002,,,,,,,
229,114.500000,2.946870e+004,1.000000e-001,,-1.436000e-003,-1.012300e-002,,,,,,,
230,115.000000,2.946900e+004,1.000000e-001,,-1.434000e-003,-1.012800e-002,,,,,,,
231,115.500000,2.946930e+004,1.000000e-001,,-1.432000e-003,-1.012800e-002,,,,,,,
232,116.001000,2.946960e+004,1.000000e-001,,-1.425000e-003,-1.014000e-002,,,,,,,
233,116.500000,2.946990e+004,1.000000e-001,,-1.424000e-003,-1.014600e-002,,,,,,,
234,117.000000,2.947020e+004,1.000000e-001,,-1.422000e-003,-1.015000e-002,,,,,,,
235,117.500000,2.947050e+004,1.000000e-001,,-1.419000e-003,-1.015600e-002,,,,,,,
236,118.000000,2.947080e+004,1.000000e-001,,-1.416000e-003,-1.016200e-002,,,,,,,
237,118.500000,2.947110e+004,1.000000e-001,,-1.412000e-003,-1.016800e-002,,,,,,,
238,119.000000,2.947140e+004,1.000000e-001,,-1.406000e-003,-1.017800e-002,,,,,,,
239,119.500000,2.947170e+004,1.000000e-001,,-1.407000e-003,-1.018600e-002,,,,,,,
240,120.000000,2.947200e+004,1.000000e-001,,-1.405000e-003,-1.018900e-002,,,,,,,
241,120.500000,2.947230e+004,1.000000e-001,,-1.396000e-003,-1.019300e-002,,,,,,,
242,121.000000,2.947260e+004,1.000000e-001,,-1.391000e-003,-1.020100e-002,,,,,,,
243,121.500000,2.947290e+004,1.000000e-001,,-1.388000e-003,-1.021100e-002,,,,,,,
244,122.000000,2.947320e+004,1.000000e-001,,-1.383000e-003,-1.021900e-002,,,,,,,
245,122.500000,2.947350e+004,1.000000e-001,,-1.378000e-003,-1.022700e-002,,,,,,,
246,123.000000,2.947380e+004,1.000000e-001,,-1.374000e-003,-1.023500e-002,,,,,,,
247,123.500000,2.947410e+004,1.000000e-001,,-1.373000e-003,-1.024200e-002,,,,,,,
248,124.000000,2.947440e+004,1.000000e-001,,-1.367000e-003,-1.025300e-002,,,,,,,
249,124.500000,2.947470e+004,1.000000e-001,,-1.362000e-003,-1.025600e-002,,,,,,,
250,125.000000,2.947500e+004,1.000000e-001,,-1.353000e-003,-1.027000e-002,,,,,,,
251,125.500000,2.947530e+004,1.000000e-001,,-1.349000e-003,-1.027800e-002,,,,,,,
252,126.000000,2.947560e+004,1.000000e-001,,-1.341000e-003,-1.028500e-002,,,,,,,
253,126.500000,2.947590e+004,1.000000e-001,,-1.334000e-003,-1.029600e-002,,,,,,,
254,127.000000,2.947620e+004,1.000000e-001,,-1.325000e-003,-1.030400e-002,,,,,,,
255,127.500000,2.947650e+004,1.000000e-001,,-1.315000e-003,-1.031700e-002,,,,,,,
256,128.000000,2.947680e+004,1.000000e-001,,-1.308000e-003,-1.032500e-002,,,,,,,
257,128.500000,2.947710e+004,1.000000e-001,,-1.301000e-003,-1.033900e-002,,,,,,,
258,129.000000,2.947740e+004,1.000000e-001,,-1.289000e-003,-1.035000e-002,,,,,,,
259,129.500000,2.947770e+004,1.000000e-001,,-1.280000e-003,-1.035800e-002,,,,,,,
260,130.000000,2.947800e+004,1.000000e-001,,-1.265000e-003,-1.037100e-002,,,,,,,
261,130.500000,2.947830e+004,1.000000e-001,,-1.256000e-003,-1.037800e-002,,,,,,,
262,131.000000,2.947860e+004,1.000000e-001,,-1.245000e-003,-1.039400e-002,,,,,,,
263,131.500000,2.947890e+004,1.000000e-001,,-1.230000e-003,-1.040700e-002,,,,,,,
264,132.000000,2.947920e+004,1.000000e-001,,-1.214000e-003,-1.041500e-002,,,,,,,
265,132.500000,2.947950e+004,1.000000e-001,,-1.199000e-003,-1.042700e-002,,,,,,,
266,133.000000,2.947980e+004,1.000000e-001,,-1.184000e-003,-1.043900e-002,,,,,,,
267,133.500000,2.948010e+004,1.000000e-001,,-1.168000e-003,-1.045000e-002,,,,,,,
268,134.000000,2.948040e+004,1.000000e-001,,-1.146000e-003,-1.046300e-002,,,,,,,
269,134.500000,2.948070e+004,1.000000e-001,,-1.126000e-003,-1.047600e-002,,,,,,,
270,135.000000,2.948100e+004,1.000000e-001,,-1.106000e-003,-1.048700e-002,,,,,,,
271,135.500000,2.948130e+004,1.000000e-001,,-1.084000e-003,-1.049700e-002,,,,,,,
272,136.000000,2.948160e+004,1.000000e-001,,-1.057000e-003,-1.051300e-002,,,,,,,
273,136.500000,2.948190e+004,1.000000e-001,,-1.031000e-003,-1.052300e-002,,,,,,,
274,137.000000,2.948220e+004,1.000000e-001,,-1.009000e-003,-1.053700e-002,,,,,,,
275,137.500000,2.948250e+004,1.000000e-001,,-9.780000e-004,-1.054500e-002,,,,,,,
276,138.000000,2.948280e+004,1.000000e-001,,-9.470000e-004,-1.055400e-002,,,,,,,
277,138.500000,2.948310e+004,1.000000e-001,,-9.110000e-004,-1.056000e-002,,,,,,,
278,139.000000,2.948340e+004,1.000000e-001,,-8.800000e-004,-1.056700e-002,,,,,,,
279,139.500000,2.948370e+004,1.000000e-001,,-8.420000e-004,-1.057200e-002,,,,,,,
280,140.000000,2.948400e+004,1.000000e-001,,-7.980000e-004,-1.057600e-002,,,,,,,
281,140.500000,2.948430e+004,1.000000e-001,,-7.580000e-004,-1.057700e-002,,,,,,,
282,141.000000,2.948460e+004,1.000000e-001,,-7.180000e-004,-1.057900e-002,,,,,,,
283,141.500000,2.948490e+004,1.000000e-001,,-6.730000e-004,-1.057200e-002,,,,,,,
284,142.000000,2.948520e+004,1.000000e-001,,-6.270000e-004,-1.056500e-002,,,,,,,
285,142.500000,2.948550e+004,1.000000e-001,,-5.790000e-004,-1.055900e-002,,,,,,,
286,143.000000,2.948580e+004,1.000000e-001,,-5.270000e-004,-1.054100e-002,,,,,,,
287,143.500000,2.948610e+004,1.000000e-001,,-4.790000e-004,-1.052300e-002,,,,,,,
288,144.000000,2.948640e+004,1.000000e-001,,-4.290000e-004,-1.050000e-002,,,,,,,
289,144.500000,2.948670e+004,1.000000e-001,,-3.770000e-004,-1.047500e-002,,,,,,,
290,145.000000,2.948700e+004,1.000000e-001,,-3.270000e-004,-1.043800e-002,,,,,,,
291,145.500000,2.948730e+004,1.000000e-001,,-2.780000e-004,-1.039500e-002,,,,,,,
292,146.000000,2.948760e+004,1.000000e-001,,-2.290000e-004,-1.035500e-002,,,,,,,
293,146.500000,2.948790e+004,1.000000e-001,,-1.850000e-004,-1.030600e-002,,,,,,,
294,147.000000,2.948820e+004,1.000000e-001,,-1.470000e-004,-1.025200e-002,,,,,,,
295,147.500000,2.948850e+004,1.000000e-001,,-1.090000e-004,-1.019200e-002,,,,,,,
296,148.000000,2.948880e+004,1.000000e-001,,-7.800000e-005,-1.012700e-002,,,,,,,
297,148.500000,2.948910e+004,1.000000e-001,,-5.300000e-005,-1.006200e-002,,,,,,,
298,149.000000,2.948940e+004,1.000000e-001,,-3.500000e-005,-9.991000e-003,,,,,,,
299,149.500000,2.948970e+004,1.000000e-001,,-2.400000e-005,-9.916000e-003,,,,,,,
300,150.000000,2.949000e+004,1.000000e-001,,-1.900000e-005,-9.849000e-003,,,,,,,
301,150.501000,2.949030e+004,1.000000e-001,,-2.000000e-005,-9.776000e-003,,,,,,,
302,151.000000,2.949060e+004,1.000000e-001,,-3.100000e-005,-9.708000e-003,,,,,,,
303,151.500000,2.949090e+004,1.000000e-001,,-4.600000e-005,-9.640000e-003,,,,,,,
304,152.000000,2.949120e+004,1.000000e-001,,-6.700000e-005,-9.575000e-003,,,,,,,
305,152.500000,2.949150e+004,1.000000e-001,,-9.500000e-005,-9.518000e-003,,,,,,,
306,153.000000,2.949180e+004,1.000000e-001,,-1.270000e-004,-9.462000e-003,,,,,,,
307,153.500000,2.949210e+004,1.000000e-001,,-1.590000e-004,-9.412000e-003,,,,,,,
308,154.000000,2.949240e+004,1.000000e-001,,-1.940000e-004,-9.369000e-003,,,,,,,
309,154.500000,2.949270e+004,1.000000e-001,,-2.340000e-004,-9.324000e-003,,,,,,,
310,155.000000,2.949300e+004,1.000000e-001,,-2.740000e-004,-9.287000e-003,,,,,,,
311,155.500000,2.949330e+004,1.000000e-001,,-3.190000e-004,-9.252000e-003,,,,,,,
312,156.000000,2.949360e+004,1.000000e-001,,-3.570000e-004,-9.225000e-003,,,,,,,
313,156.500000,2.949390e+004,1.000000e-001,,-3.970000e-004,-9.203000e-003,,,,,,,
314,157.000000,2.949420e+004,1.000000e-001,,-4.410000e-004,-9.178000e-003,,,,,,,
315,157.500000,2.949450e+004,1.000000e-001,,-4.760000e-004,-9.164000e-003,,,,,,,
316,158.000000,2.949480e+004,1.000000e-001,,-5.170000e-004,-9.143000e-003,,,,,,,
317,158.500000,2.949510e+004,1.000000e-001,,-5.580000e-004,-9.138000e-003,,,,,,,
318,159.000000,2.949540e+004,1.000000e-001,,-5.950000e-004,-9.127000e-003,,,,,,,
319,159.500000,2.949570e+004,1.000000e-001,,-6.290000e-004,-9.120000e-003,,,,,,,
320,160.000000,2.949600e+004,1.000000e-001,,-6.650000e-004,-9.113000e-003,,,,,,,
321,160.500000,2.949630e+004,1.000000e-001,,-6.970000e-004,-9.112000e-003,,,,,,,
322,161.000000,2.949660e+004,1.000000e-001,,-7.290000e-004,-9.111000e-003,,,,,,,
323,161.500000,2.949690e+004,1.000000e-001,,-7.560000e-004,-9.111000e-003,,,,,,,
324,162.000000,2.949720e+004,1.000000e-001,,-7.860000e-004,-9.112000e-003,,,,,,,
325,162.500000,2.949750e+004,1.000000e-001,,-8.120000e-004,-9.113000e-003,,,,,,,
326,163.000000,2.949780e+004,1.000000e-001,,-8.400000e-004,-9.114000e-003,,,,,,,
327,163.500000,2.949810e+004,1.000000e-001,,-8.630000e-004,-9.119000e-003,,,,,,,
328,164.000000,2.949840e+004,1.000000e-001,,-8.860000e-004,-9.122000e-003,,,,,,,
329,164.500000,2.949870e+004,1.000000e-001,,-9.050000e-004,-9.128000e-003,,,,,,,
330,165.000000,2.949900e+004,1.000000e-001,,-9.270000e-004,-9.131000e-003,,,,,,,
331,165.500000,2.949930e+004,1.000000e-001,,-9.520000e-004,-9.131000e-003,,,,,,,
332,166.000000,2.949960e+004,1.000000e-001,,-9.670000e-004,-9.142000e-003,,,,,,,
333,166.500000,2.949990e+004,1.000000e-001,,-9.869999e-004,-9.147000e-003,,,,,,,
334,167.000000,2.950020e+004,1.000000e-001,,-1.002000e-003,-9.150000e-003,,,,,,,
335,167.500000,2.950050e+004,1.000000e-001,,-1.018000e-003,-9.160000e-003,,,,,,,
336,168.000000,2.950080e+004,1.000000e-001,,-1.033000e-003,-9.168000e-003,,,,,,,
337,168.500000,2.950110e+004,1.000000e-001,,-1.048000e-003,-9.169000e-003,,,,,,,
338,169.000000,2.950140e+004,1.000000e-001,,-1.062000e-003,-9.177000e-003,,,,,,,
339,169.500000,2.950170e+004,1.000000e-001,,-1.075000e-003,-9.185000e-003,,,,,,,
340,170.000000,2.950200e+004,1.000000e-001,,-1.085000e-003,-9.192000e-003,,,,,,,
341,170.500000,2.950230e+004,1.000000e-001,,-1.099000e-003,-9.198000e-003,,,,,,,
342,171.000000,2.950260e+004,1.000000e-001,,-1.110000e-003,-9.204000e-003,,,,,,,
343,171.500000,2.950290e+004,1.000000e-001,,-1.121000e-003,-9.211000e-003,,,,,,,
344,172.000000,2.950320e+004,1.000000e-001,,-1.133000e-003,-9.215000e-003,,,,,,,
345,172.500000,2.950350e+004,1.000000e-001,,-1.141000e-003,-9.220000e-003,,,,,,,
346,173.000000,2.950380e+004,1.000000e-001,,-1.148000e-003,-9.226000e-003,,,,,,,
347,173.500000,2.950410e+004,1.000000e-001,,-1.160000e-003,-9.233000e-003,,,,,,,
348,174.000000,2.950440e+004,1.000000e-001,,-1.169000e-003,-9.236000e-003,,,,,,,
349,174.500000,2.950470e+004,1.000000e-001,,-1.176000e-003,-9.243000e-003,,,,,,,
350,175.000000,2.950500e+004,1.000000e-001,,-1.187000e-003,-9.253000e-003,,,,,,,
351,175.500000,2.950530e+004,1.000000e-001,,-1.194000e-003,-9.259000e-003,,,,,,,
352,176.000000,2.950560e+004,1.000000e-001,,-1.204000e-003,-9.262000e-003,,,,,,,
353,176.500000,2.950590e+004,1.000000e-001,,-1.211000e-003,-9.267000e-003,,,,,,,
354,177.000000,2.950620e+004,1.000000e-001,,-1.217000e-003,-9.273000e-003,,,,,,,
355,177.500000,2.950650e+004,1.000000e-001,,-1.223000e-003,-9.279000e-003,,,,,,,
356,178.000000,2.950680e+004,1.000000e-001,,-1.228000e-003,-9.281000e-003,,,,,,,
357,178.500000,2.950710e+004,1.000000e-001,,-1.236000e-003,-9.287000e-003,,,,,,,
358,179.000000,2.950740e+004,1.000000e-001,,-1.243000e-003,-9.292000e-003,,,,,,,
359,179.500000,2.950770e+004,1.000000e-001,,-1.247000e-003,-9.299000e-003,,,,,,,
360,180.000000,2.950800e+004,1.000000e-001,,-1.250000e-003,-9.304000e-003,,,,,,,
361,180.500000,2.950830e+004,1.000000e-001,,-1.256000e-003,-9.310000e-003,,,,,,,
362,181.000000,2.950860e+004,1.000000e-001,,-1.261000e-003,-9.313000e-003,,,,,,,
363,181.500000,2.950890e+004,1.000000e-001,,-1.264000e-003,-9.314000e-003,,,,,,,
364,182.000000,2.950920e+004,1.000000e-001,,-1.269000e-003,-9.322000e-003,,,,,,,
365,182.500000,2.950950e+004,1.000000e-001,,-1.275000e-003,-9.328000e-003,,,,,,,
366,183.000000,2.950980e+004,1.000000e-001,,-1.278000e-003,-9.332000e-003,,,,,,,
367,183.500000,2.951010e+004,1.000000e-001,,-1.284000e-003,-9.336000e-003,,,,,,,
368,184.000000,2.951040e+004,1.000000e-001,,-1.290000e-003,-9.337000e-003,,,,,,,
369,184.500000,2.951070e+004,1.000000e-001,,-1.291000e-003,-9.346000e-003,,,,,,,
370,185.000000,2.951100e+004,1.000000e-001,,-1.292000e-003,-9.348000e-003,,,,,,,
371,185.500000,2.951130e+004,1.000000e-001,,-1.298000e-003,-9.351000e-003,,,,,,,
372,186.000000,2.951160e+004,1.000000e-001,,-1.297000e-003,-9.356000e-003,,,,,,,
373,186.500000,2.951190e+004,1.000000e-001,,-1.301000e-003,-9.356000e-003,,,,,,,
374,187.000000,2.951220e+004,1.000000e-001,,-1.308000e-003,-9.360000e-003,,,,,,,
375,187.500000,2.951250e+004,1.000000e-001,,-1.310000e-003,-9.365000e-003,,,,,,,
376,188.000000,2.951280e+004,1.000000e-001,,-1.311000e-003,-9.369000e-003,,,,,,,
377,188.500000,2.951310e+004,1.000000e-001,,-1.316000e-003,-9.372000e-003,,,,,,,
378,189.000000,2.951340e+004,1.000000e-001,,-1.318000e-003,-9.376000e-003,,,,,,,
379,189.500000,2.951370e+004,1.000000e-001,,-1.319000e-003,-9.378000e-003,,,,,,,
380,190.001000,2.951400e+004,1.000000e-001,,-1.323000e-003,-9.380000e-003,,,,,,,
381,190.500000,2.951430e+004,1.000000e-001,,-1.324000e-003,-9.386000e-003,,,,,,,
382,191.000000,2.951460e+004,1.000000e-001,,-1.328000e-003,-9.388000e-003,,,,,,,
383,191.500000,2.951490e+004,1.000000e-001,,-1.333000e-003,-9.394000e-003,,,,,,,
384,192.000000,2.951520e+004,1.000000e-001,,-1.337000e-003,-9.396000e-003,,,,,,,
385,192.500000,2.951550e+004,1.000000e-001,,-1.339000e-003,-9.402000e-003,,,,,,,
386,193.000000,2.951580e+004,1.000000e-001,,-1.342000e-003,-9.401000e-003,,,,,,,
387,193.501000,2.951610e+004,1.000000e-001,,-1.342000e-003,-9.404000e-003,,,,,,,
388,194.000000,2.951640e+004,1.000000e-001,,-1.344000e-003,-9.407000e-003,,,,,,,
389,194.500000,2.951670e+004,1.000000e-001,,-1.347000e-003,-9.409000e-003,,,,,,,
390,195.000000,2.951700e+004,1.000000e-001,,-1.349000e-003,-9.410000e-003,,,,,,,
391,195.499000,2.951730e+004,1.000000e-001,,-1.348000e-003,-9.417000e-003,,,,,,,
392,196.000000,2.951760e+004,1.000000e-001,,-1.353000e-003,-9.421000e-003,,,,,,,
393,196.500000,2.951790e+004,1.000000e-001,,-1.354000e-003,-9.424000e-003,,,,,,,
394,197.000000,2.951820e+004,1.000000e-001,,-1.357000e-003,-9.423000e-003,,,,,,,
395,197.500000,2.951850e+004,1.000000e-001,,-1.357000e-003,-9.424000e-003,,,,,,,
396,198.000000,2.951880e+004,1.000000e-001,,-1.363000e-003,-9.427000e-003,,,,,,,
397,198.500000,2.951910e+004,1.000000e-001,,-1.364000e-003,-9.430000e-003,,,,,,,
398,199.000000,2.951940e+004,1.000000e-001,,-1.365000e-003,-9.437000e-003,,,,,,,
399,199.500000,2.951970e+004,1.000000e-001,,-1.363000e-003,-9.437000e-003,,,,,,,
400,200.000000,2.952000e+004,1.000000e-001,,-1.363000e-003,-9.437000e-003,,,,,,,
401,200.500000,2.952030e+004,1.000000e-001,,-1.368000e-003,-9.439000e-003,,,,,,,
402,201.000000,2.952060e+004,1.000000e-001,,-1.368000e-003,-9.443000e-003,,,,,,,
403,201.500000,2.952090e+004,1.000000e-001,,-1.372000e-003,-9.442000e-003,,,,,,,
404,202.000000,2.952120e+004,1.000000e-001,,-1.373000e-003,-9.447000e-003,,,,,,,
405,202.500000,2.952150e+004,1.000000e-001,,-1.373000e-003,-9.451000e-003,,,,,,,
406,203.000000,2.952180e+004,1.000000e-001,,-1.374000e-003,-9.451000e-003,,,,,,,
407,203.500000,2.952210e+004,1.000000e-001,,-1.370000e-003,-9.458000e-003,,,,,,,
408,204.000000,2.952240e+004,1.000000e-001,,-1.374000e-003,-9.457000e-003,,,,,,,
409,204.500000,2.952270e+004,1.000000e-001,,-1.380000e-003,-9.456000e-003,,,,,,,
410,205.000000,2.952300e+004,1.000000e-001,,-1.375000e-003,-9.463000e-003,,,,,,,
411,205.500000,2.952330e+004,1.000000e-001,,-1.380000e-003,-9.463000e-003,,,,,,,
412,206.000000,2.952360e+004,1.000000e-001,,-1.380000e-003,-9.462000e-003,,,,,,,
413,206.500000,2.952390e+004,1.000000e-001,,-1.380000e-003,-9.465000e-003,,,,,,,
414,207.000000,2.952420e+004,1.000000e-001,,-1.383000e-003,-9.465000e-003,,,,,,,
415,207.500000,2.952450e+004,1.000000e-001,,-1.384000e-003,-9.470000e-003,,,,,,,
416,208.000000,2.952480e+004,1.000000e-001,,-1.384000e-003,-9.474000e-003,,,,,,,
417,208.500000,2.952510e+004,1.000000e-001,,-1.388000e-003,-9.471000e-003,,,,,,,
418,209.000000,2.952540e+004,1.000000e-001,,-1.391000e-003,-9.474000e-003,,,,,,,
419,209.500000,2.952570e+004,1.000000e-001,,-1.389000e-003,-9.476000e-003,,,,,,,
420,210.000000,2.952600e+004,1.000000e-001,,-1.392000e-003,-9.479000e-003,,,,,,,
421,210.500000,2.952630e+004,1.000000e-001,,-1.394000e-003,-9.482000e-003,,,,,,,
422,211.000000,2.952660e+004,1.000000e-001,,-1.392000e-003,-9.479000e-003,,,,,,,
423,211.500000,2.952690e+004,1.000000e-001,,-1.393000e-003,-9.479000e-003,,,,,,,
424,212.000000,2.952720e+004,1.000000e-001,,-1.396000e-003,-9.485000e-003,,,,,,,
425,212.500000,2.952750e+004,1.000000e-001,,-1.394000e-003,-9.488000e-003,,,,,,,
426,213.000000,2.952780e+004,1.000000e-001,,-1.395000e-003,-9.487000e-003,,,,,,,
427,213.500000,2.952810e+004,1.000000e-001,,-1.401000e-003,-9.489000e-003,,,,,,,
428,214.000000,2.952840e+004,1.000000e-001,,-1.396000e-003,-9.492000e-003,,,,,,,
429,214.500000,2.952870e+004,1.000000e-001,,-1.396000e-003,-9.494000e-003,,,,,,,
430,215.000000,2.952900e+004,1.000000e-001,,-1.400000e-003,-9.492000e-003,,,,,,,
431,215.500000,2.952930e+004,1.000000e-001,,-1.401000e-003,-9.490000e-003,,,,,,,
432,216.000000,2.952960e+004,1.000000e-001,,-1.402000e-003,-9.495000e-003,,,,,,,
433,216.500000,2.952990e+004,1.000000e-001,,-1.401000e-003,-9.498000e-003,,,,,,,
434,217.000000,2.953020e+004,1.000000e-001,,-1.401000e-003,-9.499000e-003,,,,,,,
435,217.500000,2.953050e+004,1.000000e-001,,-1.404000e-003,-9.503000e-003,,,,,,,
436,218.000000,2.953080e+004,1.000000e-001,,-1.402000e-003,-9.505000e-003,,,,,,,
437,218.500000,2.953110e+004,1.000000e-001,,-1.404000e-003,-9.505000e-003,,,,,,,
438,219.000000,2.953140e+004,1.000000e-001,,-1.399000e-003,-9.504000e-003,,,,,,,
439,219.500000,2.953170e+004,1.000000e-001,,-1.408000e-003,-9.505000e-003,,,,,,,
440,220.000000,2.953200e+004,1.000000e-001,,-1.405000e-003,-9.507000e-003,,,,,,,
441,220.500000,2.953230e+004,1.000000e-001,,-1.408000e-003,-9.512000e-003,,,,,,,
442,221.000000,2.953260e+004,1.000000e-001,,-1.407000e-003,-9.509000e-003,,,,,,,
443,221.500000,2.953290e+004,1.000000e-001,,-1.407000e-003,-9.511000e-003,,,,,,,
444,222.000000,2.953320e+004,1.000000e-001,,-1.409000e-003,-9.512000e-003,,,,,,,
445,222.500000,2.953350e+004,1.000000e-001,,-1.406000e-003,-9.517000e-003,,,,,,,
446,223.000000,2.953380e+004,1.000000e-001,,-1.407000e-003,-9.518000e-003,,,,,,,
447,223.500000,2.953410e+004,1.000000e-001,,-1.408000e-003,-9.516000e-003,,,,,,,
448,224.000000,2.953440e+004,1.000000e-001,,-1.408000e-003,-9.519000e-003,,,,,,,
449,224.500000,2.953470e+004,1.000000e-001,,-1.407000e-003,-9.521000e-003,,,,,,,
450,225.000000,2.953500e+004,1.000000e-001,,-1.416000e-003,-9.520000e-003,,,,,,,
451,225.500000,2.953530e+004,1.000000e-001,,-1.415000e-003,-9.523000e-003,,,,,,,
452,226.000000,2.953560e+004,1.000000e-001,,-1.418000e-003,-9.524000e-003,,,,,,,
453,226.500000,2.953590e+004,1.000000e-001,,-1.415000e-003,-9.526000e-003,,,,,,,
454,227.000000,2.953620e+004,1.000000e-001,,-1.419000e-003,-9.527000e-003,,,,,,,
455,227.500000,2.953650e+004,1.000000e-001,,-1.414000e-003,-9.527000e-003,,,,,,,
456,228.000000,2.953680e+004,1.000000e-001,,-1.414000e-003,-9.529000e-003,,,,,,,
457,228.500000,2.953710e+004,1.000000e-001,,-1.420000e-003,-9.528000e-003,,,,,,,
458,229.000000,2.953740e+004,1.000000e-001,,-1.415000e-003,-9.534000e-003,,,,,,,
459,229.500000,2.953770e+004,1.000000e-001,,-1.419000e-003,-9.528000e-003,,,,,,,
460,230.000000,2.953800e+004,1.000000e-001,,-1.421000e-003,-9.532000e-003,,,,,,,
461,230.500000,2.953830e+004,1.000000e-001,,-1.418000e-003,-9.532000e-003,,,,,,,
462,231.000000,2.953860e+004,1.000000e-001,,-1.420000e-003,-9.532000e-003,,,,,,,
463,231.500000,2.953890e+004,1.000000e-001,,-1.419000e-003,-9.537000e-003,,,,,,,
464,232.000000,2.953920e+004,1.000000e-001,,-1.419000e-003,-9.533000e-003,,,,,,,
465,232.500000,2.953950e+004,1.000000e-001,,-1.421000e-003,-9.539000e-003,,,,,,,
466,233.000000,2.953980e+004,1.000000e-001,,-1.418000e-003,-9.539000e-003,,,,,,,
467,233.500000,2.954010e+004,1.000000e-001,,-1.417000e-003,-9.538000e-003,,,,,,,
468,234.000000,2.954040e+004,1.000000e-001,,-1.418000e-003,-9.541000e-003,,,,,,,
469,234.500000,2.954070e+004,1.000000e-001,,-1.423000e-003,-9.538000e-003,,,,,,,
470,235.000000,2.954100e+004,1.000000e-001,,-1.422000e-003,-9.541000e-003,,,,,,,
471,235.500000,2.954130e+004,1.000000e-001,,-1.420000e-003,-9.543000e-003,,,,,,,
472,236.000000,2.954160e+004,1.000000e-001,,-1.424000e-003,-9.544000e-003,,,,,,,
473,236.500000,2.954190e+004,1.000000e-001,,-1.424000e-003,-9.543000e-003,,,,,,,
474,237.000000,2.954220e+004,1.000000e-001,,-1.424000e-003,-9.547000e-003,,,,,,,
475,237.500000,2.954250e+004,1.000000e-001,,-1.420000e-003,-9.544000e-003,,,,,,,
476,238.000000,2.954280e+004,1.000000e-001,,-1.424000e-003,-9.543000e-003,,,,,,,
477,238.500000,2.954310e+004,1.000000e-001,,-1.425000e-003,-9.546000e-003,,,,,,,
478,239.000000,2.954340e+004,1.000000e-001,,-1.422000e-003,-9.549000e-003,,,,,,,
479,239.500000,2.954370e+004,1.000000e-001,,-1.422000e-003,-9.548000e-003,,,,,,,
480,240.000000,2.954400e+004,1.000000e-001,,-1.425000e-003,-9.550000e-003,,,,,,,
481,240.500000,2.954430e+004,1.000000e-001,,-1.424000e-003,-9.550000e-003,,,,,,,
482,241.000000,2.954460e+004,1.000000e-001,,-1.424000e-003,-9.554000e-003,,,,,,,
483,241.500000,2.954490e+004,1.000000e-001,,-1.424000e-003,-9.551000e-003,,,,,,,
484,242.000000,2.954520e+004,1.000000e-001,,-1.427000e-003,-9.549000e-003,,,,,,,
485,242.501000,2.954550e+004,1.000000e-001,,-1.429000e-003,-9.556000e-003,,,,,,,
486,243.000000,2.954580e+004,1.000000e-001,,-1.429000e-003,-9.553000e-003,,,,,,,
487,243.500000,2.954610e+004,1.000000e-001,,-1.427000e-003,-9.553000e-003,,,,,,,
488,244.000000,2.954640e+004,1.000000e-001,,-1.430000e-003,-9.556000e-003,,,,,,,
489,244.500000,2.954670e+004,1.000000e-001,,-1.430000e-003,-9.555000e-003,,,,,,,
490,245.001000,2.954700e+004,1.000000e-001,,-1.431000e-003,-9.558000e-003,,,,,,,
491,245.500000,2.954730e+004,1.000000e-001,,-1.432000e-003,-9.558000e-003,,,,,,,
492,246.000000,2.954760e+004,1.000000e-001,,-1.432000e-003,-9.560000e-003,,,,,,,
493,246.500000,2.954790e+004,1.000000e-001,,-1.431000e-003,-9.561000e-003,,,,,,,
494,247.000000,2.954820e+004,1.000000e-001,,-1.431000e-003,-9.558000e-003,,,,,,,
495,247.500000,2.954850e+004,1.000000e-001,,-1.431000e-003,-9.562000e-003,,,,,,,
496,248.000000,2.954880e+004,1.000000e-001,,-1.432000e-003,-9.559000e-003,,,,,,,
497,248.500000,2.954910e+004,1.000000e-001,,-1.430000e-003,-9.561000e-003,,,,,,,
498,249.000000,2.954940e+004,1.000000e-001,,-1.435000e-003,-9.563000e-003,,,,,,,
499,249.500000,2.954970e+004,1.000000e-001,,-1.431000e-003,-9.561000e-003,,,,,,,
500,250.000000,2.955000e+004,1.000000e-001,,-1.431000e-003,-9.564000e-003,,,,,,,
